dataset,backbone,method,selection,c,alpha,id_val,ood_val,test,test_low,test_high
camelyon17,resnet50,linear_probe,ood_val,0.1000,,0.9701,0.9047,0.8875,0.8242,0.9238
camelyon17,resnet50,linear_probe,id_val,0.0100,,0.9702,0.9033,0.8948,0.8328,0.9283
camelyon17,clip_b16,linear_probe,ood_val,0.1000,,0.9594,0.8850,0.8971,0.8558,0.9285
camelyon17,clip_b16,linear_probe,id_val,1.0000,,0.9594,0.8846,0.8922,0.8496,0.9250
camelyon17,clip_b16,zero_shot,none,,,0.5836,0.4974,0.6008,0.5025,0.8014
camelyon17,clip_b16,wise_ft,ood_val,0.1000,0.8000,0.9598,0.8857,0.8973,0.8566,0.9303
camelyon17,clip_b16,wise_ft,id_val,1.0000,0.8000,0.9597,0.8853,0.8926,0.8501,0.9270
camelyon17,siglip_b16,linear_probe,ood_val,0.0100,,0.9658,0.9183,0.8740,0.7947,0.9192
camelyon17,siglip_b16,linear_probe,id_val,1.0000,,0.9673,0.9178,0.8780,0.8035,0.9209
camelyon17,siglip_b16,zero_shot,none,,,0.5046,0.5000,0.5000,0.3050,0.8485
camelyon17,siglip_b16,wise_ft,ood_val,0.0100,0.9000,0.9656,0.9201,0.8842,0.8134,0.9252
camelyon17,siglip_b16,wise_ft,id_val,1.0000,1.0000,0.9673,0.9178,0.8780,0.8035,0.9209
camelyon17,dinov2_b14,linear_probe,ood_val,0.1000,,0.9713,0.9212,0.9171,0.8926,0.9521
camelyon17,dinov2_b14,linear_probe,id_val,10.0000,,0.9714,0.9211,0.9173,0.8934,0.9515
