backbone,method,c,id_val,test,predicted_test,effective_robustness
resnet50,linear_probe,0.0010,0.9668,0.9051,0.8987,0.0064
resnet50,linear_probe,0.0100,0.9702,0.8948,0.8993,-0.0045
resnet50,linear_probe,0.1000,0.9701,0.8875,0.8993,-0.0118
resnet50,linear_probe,1.0000,0.9701,0.8884,0.8993,-0.0109
resnet50,linear_probe,10.0000,0.9702,0.8888,0.8993,-0.0105
clip_b16,linear_probe,0.0010,0.9538,0.9175,0.8966,0.0209
clip_b16,linear_probe,0.0100,0.9588,0.9090,0.8973,0.0117
clip_b16,linear_probe,0.1000,0.9594,0.8971,0.8974,-0.0003
clip_b16,linear_probe,1.0000,0.9594,0.8922,0.8974,-0.0052
clip_b16,linear_probe,10.0000,0.9594,0.8904,0.8974,-0.0070
siglip_b16,linear_probe,0.0010,0.9617,0.8912,0.8978,-0.0066
siglip_b16,linear_probe,0.0100,0.9658,0.8740,0.8985,-0.0245
siglip_b16,linear_probe,0.1000,0.9671,0.8759,0.8987,-0.0228
siglip_b16,linear_probe,1.0000,0.9673,0.8780,0.8987,-0.0207
siglip_b16,linear_probe,10.0000,0.9672,0.8797,0.8987,-0.0190
dinov2_b14,linear_probe,0.0010,0.9674,0.9185,0.8988,0.0197
dinov2_b14,linear_probe,0.0100,0.9708,0.9149,0.8994,0.0155
dinov2_b14,linear_probe,0.1000,0.9713,0.9171,0.8995,0.0176
dinov2_b14,linear_probe,1.0000,0.9712,0.9171,0.8995,0.0176
dinov2_b14,linear_probe,10.0000,0.9714,0.9173,0.8995,0.0178
clip_b16,zero_shot,,0.5836,0.6008,0.8752,-0.2744
siglip_b16,zero_shot,,0.5046,0.5000,0.8721,-0.3721
