dataset,backbone,c,id_val,ood_val,test
camelyon17,resnet50,0.0010,0.9668,0.8962,0.9051
camelyon17,resnet50,0.0100,0.9702,0.9033,0.8948
camelyon17,resnet50,0.1000,0.9701,0.9047,0.8875
camelyon17,resnet50,1.0000,0.9701,0.9045,0.8884
camelyon17,resnet50,10.0000,0.9702,0.9041,0.8888
camelyon17,clip_b16,0.0010,0.9538,0.8810,0.9175
camelyon17,clip_b16,0.0100,0.9588,0.8846,0.9090
camelyon17,clip_b16,0.1000,0.9594,0.8850,0.8971
camelyon17,clip_b16,1.0000,0.9594,0.8846,0.8922
camelyon17,clip_b16,10.0000,0.9594,0.8845,0.8904
camelyon17,siglip_b16,0.0010,0.9617,0.9167,0.8912
camelyon17,siglip_b16,0.0100,0.9658,0.9183,0.8740
camelyon17,siglip_b16,0.1000,0.9671,0.9174,0.8759
camelyon17,siglip_b16,1.0000,0.9673,0.9178,0.8780
camelyon17,siglip_b16,10.0000,0.9672,0.9169,0.8797
camelyon17,dinov2_b14,0.0010,0.9674,0.9107,0.9185
camelyon17,dinov2_b14,0.0100,0.9708,0.9200,0.9149
camelyon17,dinov2_b14,0.1000,0.9713,0.9212,0.9171
camelyon17,dinov2_b14,1.0000,0.9712,0.9208,0.9171
camelyon17,dinov2_b14,10.0000,0.9714,0.9211,0.9173
