backbone,blocks,id_val,ood_val,test,test_low,test_high
clip_b16,1,0.9612,0.8977,0.9284,0.8901,0.9517
clip_b16,2,0.9718,0.9201,0.9497,0.9218,0.9673
clip_b16,4,0.9804,0.9375,0.9528,0.9182,0.9717
dinov2_b14,1,0.9694,0.9496,0.9607,0.9392,0.9726
dinov2_b14,2,0.9796,0.9568,0.9573,0.9146,0.9771
dinov2_b14,4,0.9835,0.9548,0.9654,0.9393,0.9793
resnet50,1,0.9574,0.8863,0.9123,0.8795,0.9298
resnet50,2,0.9689,0.8996,0.9162,0.8792,0.9347
resnet50,4,0.9776,0.9135,0.9127,0.8749,0.9432
siglip_b16,1,0.9685,0.9221,0.9272,0.8763,0.9541
siglip_b16,2,0.9757,0.9362,0.9511,0.9299,0.9660
siglip_b16,4,0.9799,0.9441,0.9550,0.9319,0.9705
