dataset,backbone,method,selection,c,id_val,ood_val,test,test_low,test_high,minutes,seed
camelyon17,resnet50,finetune_last2,none,,0.9689,0.8996,0.9162,0.8792,0.9347,11.1153,0
camelyon17,clip_b16,finetune_last2,none,,0.9718,0.9201,0.9497,0.9218,0.9673,20.1216,0
camelyon17,siglip_b16,finetune_last2,none,,0.9757,0.9362,0.9511,0.9299,0.9660,18.8136,0
camelyon17,dinov2_b14,finetune_last2,none,,0.9796,0.9568,0.9573,0.9146,0.9771,22.6705,0
camelyon17,resnet50,finetune_last2,none,,0.9719,0.9179,0.8853,0.8422,0.9525,10.9139,1
camelyon17,clip_b16,finetune_last2,none,,0.9733,0.9265,0.9338,0.9017,0.9573,18.8631,1
camelyon17,siglip_b16,finetune_last2,none,,0.9700,0.9342,0.9430,0.9181,0.9597,18.9318,1
camelyon17,dinov2_b14,finetune_last2,none,,0.9775,0.9454,0.9356,0.9022,0.9654,23.0919,1
camelyon17,resnet50,finetune_last2,none,,0.9715,0.9110,0.8967,0.8581,0.9489,10.5863,2
camelyon17,clip_b16,finetune_last2,none,,0.9748,0.9188,0.9334,0.9002,0.9548,19.9248,2
camelyon17,siglip_b16,finetune_last2,none,,0.9739,0.9412,0.9457,0.9210,0.9631,20.4469,2
camelyon17,dinov2_b14,finetune_last2,none,,0.9817,0.9461,0.9554,0.9352,0.9730,24.5608,2
