backbone,method,selection,split,domain,score
resnet50,linear_probe,ood_val,id_val,0,0.9571
resnet50,linear_probe,ood_val,id_val,3,0.9676
resnet50,linear_probe,ood_val,id_val,4,0.9775
resnet50,linear_probe,ood_val,ood_val,1,0.9047
resnet50,linear_probe,ood_val,test,2,0.8875
resnet50,linear_probe,id_val,id_val,0,0.9557
resnet50,linear_probe,id_val,id_val,3,0.9681
resnet50,linear_probe,id_val,id_val,4,0.9781
resnet50,linear_probe,id_val,ood_val,1,0.9033
resnet50,linear_probe,id_val,test,2,0.8948
clip_b16,linear_probe,ood_val,id_val,0,0.9341
clip_b16,linear_probe,ood_val,id_val,3,0.9587
clip_b16,linear_probe,ood_val,id_val,4,0.9703
clip_b16,linear_probe,ood_val,ood_val,1,0.8850
clip_b16,linear_probe,ood_val,test,2,0.8971
clip_b16,linear_probe,id_val,id_val,0,0.9345
clip_b16,linear_probe,id_val,id_val,3,0.9589
clip_b16,linear_probe,id_val,id_val,4,0.9701
clip_b16,linear_probe,id_val,ood_val,1,0.8846
clip_b16,linear_probe,id_val,test,2,0.8922
clip_b16,zero_shot,none,id_val,0,0.5349
clip_b16,zero_shot,none,id_val,3,0.5118
clip_b16,zero_shot,none,id_val,4,0.6666
clip_b16,zero_shot,none,ood_val,1,0.4974
clip_b16,zero_shot,none,test,2,0.6008
clip_b16,wise_ft,ood_val,id_val,0,0.9361
clip_b16,wise_ft,ood_val,id_val,3,0.9586
clip_b16,wise_ft,ood_val,id_val,4,0.9706
clip_b16,wise_ft,ood_val,ood_val,1,0.8857
clip_b16,wise_ft,ood_val,test,2,0.8973
clip_b16,wise_ft,id_val,id_val,0,0.9356
clip_b16,wise_ft,id_val,id_val,3,0.9592
clip_b16,wise_ft,id_val,id_val,4,0.9701
clip_b16,wise_ft,id_val,ood_val,1,0.8853
clip_b16,wise_ft,id_val,test,2,0.8926
siglip_b16,linear_probe,ood_val,id_val,0,0.9479
siglip_b16,linear_probe,ood_val,id_val,3,0.9629
siglip_b16,linear_probe,ood_val,id_val,4,0.9757
siglip_b16,linear_probe,ood_val,ood_val,1,0.9183
siglip_b16,linear_probe,ood_val,test,2,0.8740
siglip_b16,linear_probe,id_val,id_val,0,0.9484
siglip_b16,linear_probe,id_val,id_val,3,0.9651
siglip_b16,linear_probe,id_val,id_val,4,0.9768
siglip_b16,linear_probe,id_val,ood_val,1,0.9178
siglip_b16,linear_probe,id_val,test,2,0.8780
siglip_b16,zero_shot,none,id_val,0,0.5044
siglip_b16,zero_shot,none,id_val,3,0.5035
siglip_b16,zero_shot,none,id_val,4,0.5056
siglip_b16,zero_shot,none,ood_val,1,0.5000
siglip_b16,zero_shot,none,test,2,0.5000
siglip_b16,wise_ft,ood_val,id_val,0,0.9471
siglip_b16,wise_ft,ood_val,id_val,3,0.9621
siglip_b16,wise_ft,ood_val,id_val,4,0.9763
siglip_b16,wise_ft,ood_val,ood_val,1,0.9201
siglip_b16,wise_ft,ood_val,test,2,0.8842
siglip_b16,wise_ft,id_val,id_val,0,0.9484
siglip_b16,wise_ft,id_val,id_val,3,0.9651
siglip_b16,wise_ft,id_val,id_val,4,0.9768
siglip_b16,wise_ft,id_val,ood_val,1,0.9178
siglip_b16,wise_ft,id_val,test,2,0.8780
dinov2_b14,linear_probe,ood_val,id_val,0,0.9572
dinov2_b14,linear_probe,ood_val,id_val,3,0.9707
dinov2_b14,linear_probe,ood_val,id_val,4,0.9776
dinov2_b14,linear_probe,ood_val,ood_val,1,0.9212
dinov2_b14,linear_probe,ood_val,test,2,0.9171
dinov2_b14,linear_probe,id_val,id_val,0,0.9572
dinov2_b14,linear_probe,id_val,id_val,3,0.9705
dinov2_b14,linear_probe,id_val,id_val,4,0.9779
dinov2_b14,linear_probe,id_val,ood_val,1,0.9211
dinov2_b14,linear_probe,id_val,test,2,0.9173
