backbone,selection,c,alpha,id_val,ood_val,test
clip_b16,ood_val,0.1000,0.0000,0.5836,0.4974,0.6008
clip_b16,ood_val,0.1000,0.1000,0.8485,0.6471,0.8143
clip_b16,ood_val,0.1000,0.2000,0.9296,0.8255,0.8708
clip_b16,ood_val,0.1000,0.3000,0.9486,0.8663,0.8864
clip_b16,ood_val,0.1000,0.4000,0.9555,0.8791,0.8926
clip_b16,ood_val,0.1000,0.5000,0.9581,0.8834,0.8961
clip_b16,ood_val,0.1000,0.6000,0.9591,0.8848,0.8968
clip_b16,ood_val,0.1000,0.7000,0.9597,0.8850,0.8971
clip_b16,ood_val,0.1000,0.8000,0.9598,0.8857,0.8973
clip_b16,ood_val,0.1000,0.9000,0.9593,0.8849,0.8974
clip_b16,ood_val,0.1000,1.0000,0.9594,0.8850,0.8971
clip_b16,id_val,1.0000,0.0000,0.5836,0.4974,0.6008
clip_b16,id_val,1.0000,0.1000,0.8517,0.6561,0.8129
clip_b16,id_val,1.0000,0.2000,0.9304,0.8302,0.8677
clip_b16,id_val,1.0000,0.3000,0.9499,0.8686,0.8829
clip_b16,id_val,1.0000,0.4000,0.9560,0.8803,0.8883
clip_b16,id_val,1.0000,0.5000,0.9578,0.8837,0.8911
clip_b16,id_val,1.0000,0.6000,0.9591,0.8853,0.8923
clip_b16,id_val,1.0000,0.7000,0.9597,0.8853,0.8926
clip_b16,id_val,1.0000,0.8000,0.9597,0.8853,0.8926
clip_b16,id_val,1.0000,0.9000,0.9594,0.8846,0.8925
clip_b16,id_val,1.0000,1.0000,0.9594,0.8846,0.8922
siglip_b16,ood_val,0.0100,0.0000,0.5046,0.5000,0.5000
siglip_b16,ood_val,0.0100,0.1000,0.5274,0.5062,0.5173
siglip_b16,ood_val,0.0100,0.2000,0.7378,0.6663,0.7705
siglip_b16,ood_val,0.0100,0.3000,0.8969,0.8195,0.9001
siglip_b16,ood_val,0.0100,0.4000,0.9392,0.8765,0.9257
siglip_b16,ood_val,0.0100,0.5000,0.9544,0.9006,0.9258
siglip_b16,ood_val,0.0100,0.6000,0.9610,0.9119,0.9176
siglip_b16,ood_val,0.0100,0.7000,0.9640,0.9175,0.9060
siglip_b16,ood_val,0.0100,0.8000,0.9654,0.9196,0.8949
siglip_b16,ood_val,0.0100,0.9000,0.9656,0.9201,0.8842
siglip_b16,ood_val,0.0100,1.0000,0.9658,0.9183,0.8740
siglip_b16,id_val,1.0000,0.0000,0.5046,0.5000,0.5000
siglip_b16,id_val,1.0000,0.1000,0.5375,0.5105,0.5284
siglip_b16,id_val,1.0000,0.2000,0.7753,0.7002,0.8085
siglip_b16,id_val,1.0000,0.3000,0.9099,0.8356,0.9067
siglip_b16,id_val,1.0000,0.4000,0.9454,0.8843,0.9248
siglip_b16,id_val,1.0000,0.5000,0.9578,0.9053,0.9229
siglip_b16,id_val,1.0000,0.6000,0.9633,0.9136,0.9143
siglip_b16,id_val,1.0000,0.7000,0.9657,0.9180,0.9048
siglip_b16,id_val,1.0000,0.8000,0.9665,0.9195,0.8952
siglip_b16,id_val,1.0000,0.9000,0.9672,0.9194,0.8864
siglip_b16,id_val,1.0000,1.0000,0.9673,0.9178,0.8780
