method,split,cluster,images,positive_share,accuracy,errors
clip_b16_finetune_last2_none,ood_val,10,2078,0.0837,0.7575,504
clip_b16_finetune_last2_none,ood_val,11,5371,0.6006,0.9412,316
clip_b16_finetune_last2_none,ood_val,12,1705,0.0921,0.8610,237
clip_b16_finetune_last2_none,ood_val,13,10404,0.8435,0.9541,478
clip_b16_finetune_last2_none,ood_val,14,888,0.0360,0.9673,29
clip_b16_finetune_last2_none,ood_val,15,2966,0.0057,0.9541,136
clip_b16_finetune_last2_none,ood_val,16,4971,0.8236,0.9378,309
clip_b16_finetune_last2_none,ood_val,17,2659,0.2366,0.8947,280
clip_b16_finetune_last2_none,ood_val,18,1275,0.1396,0.9263,94
clip_b16_finetune_last2_none,ood_val,19,2587,0.0653,0.8434,405
clip_b16_finetune_last2_none,test,20,3810,0.0071,0.9811,72
clip_b16_finetune_last2_none,test,21,3694,0.0027,0.9670,122
clip_b16_finetune_last2_none,test,22,7210,0.5865,0.8888,802
clip_b16_finetune_last2_none,test,23,5288,0.5221,0.9567,229
clip_b16_finetune_last2_none,test,24,7727,0.0238,0.9204,615
clip_b16_finetune_last2_none,test,25,4334,0.2374,0.9462,233
clip_b16_finetune_last2_none,test,26,3815,0.1298,0.8797,459
clip_b16_finetune_last2_none,test,27,4556,0.0241,0.9831,77
clip_b16_finetune_last2_none,test,28,31878,0.8469,0.9729,864
clip_b16_finetune_last2_none,test,29,12742,0.5246,0.9367,806
clip_b16_linear_probe_id_val,ood_val,10,2078,0.0837,0.7690,480
clip_b16_linear_probe_id_val,ood_val,11,5371,0.6006,0.8749,672
clip_b16_linear_probe_id_val,ood_val,12,1705,0.0921,0.8804,204
clip_b16_linear_probe_id_val,ood_val,13,10404,0.8435,0.9263,767
clip_b16_linear_probe_id_val,ood_val,14,888,0.0360,0.9527,42
clip_b16_linear_probe_id_val,ood_val,15,2966,0.0057,0.9558,131
clip_b16_linear_probe_id_val,ood_val,16,4971,0.8236,0.8570,711
clip_b16_linear_probe_id_val,ood_val,17,2659,0.2366,0.8492,401
clip_b16_linear_probe_id_val,ood_val,18,1275,0.1396,0.9098,115
clip_b16_linear_probe_id_val,ood_val,19,2587,0.0653,0.8044,506
clip_b16_linear_probe_id_val,test,20,3810,0.0071,0.9412,224
clip_b16_linear_probe_id_val,test,21,3694,0.0027,0.9626,138
clip_b16_linear_probe_id_val,test,22,7210,0.5865,0.7935,1489
clip_b16_linear_probe_id_val,test,23,5288,0.5221,0.8820,624
clip_b16_linear_probe_id_val,test,24,7727,0.0238,0.9429,441
clip_b16_linear_probe_id_val,test,25,4334,0.2374,0.9257,322
clip_b16_linear_probe_id_val,test,26,3815,0.1298,0.8474,582
clip_b16_linear_probe_id_val,test,27,4556,0.0241,0.9530,214
clip_b16_linear_probe_id_val,test,28,31878,0.8469,0.9120,2806
clip_b16_linear_probe_id_val,test,29,12742,0.5246,0.8175,2326
clip_b16_linear_probe_ood_val,ood_val,10,2078,0.0837,0.7724,473
clip_b16_linear_probe_ood_val,ood_val,11,5371,0.6006,0.8741,676
clip_b16_linear_probe_ood_val,ood_val,12,1705,0.0921,0.8798,205
clip_b16_linear_probe_ood_val,ood_val,13,10404,0.8435,0.9249,781
clip_b16_linear_probe_ood_val,ood_val,14,888,0.0360,0.9516,43
clip_b16_linear_probe_ood_val,ood_val,15,2966,0.0057,0.9575,126
clip_b16_linear_probe_ood_val,ood_val,16,4971,0.8236,0.8568,712
clip_b16_linear_probe_ood_val,ood_val,17,2659,0.2366,0.8514,395
clip_b16_linear_probe_ood_val,ood_val,18,1275,0.1396,0.9114,113
clip_b16_linear_probe_ood_val,ood_val,19,2587,0.0653,0.8102,491
clip_b16_linear_probe_ood_val,test,20,3810,0.0071,0.9451,209
clip_b16_linear_probe_ood_val,test,21,3694,0.0027,0.9643,132
clip_b16_linear_probe_ood_val,test,22,7210,0.5865,0.7958,1472
clip_b16_linear_probe_ood_val,test,23,5288,0.5221,0.8877,594
clip_b16_linear_probe_ood_val,test,24,7727,0.0238,0.9434,437
clip_b16_linear_probe_ood_val,test,25,4334,0.2374,0.9285,310
clip_b16_linear_probe_ood_val,test,26,3815,0.1298,0.8493,575
clip_b16_linear_probe_ood_val,test,27,4556,0.0241,0.9576,193
clip_b16_linear_probe_ood_val,test,28,31878,0.8469,0.9172,2639
clip_b16_linear_probe_ood_val,test,29,12742,0.5246,0.8281,2190
clip_b16_wise_ft_id_val,ood_val,10,2078,0.0837,0.7786,460
clip_b16_wise_ft_id_val,ood_val,11,5371,0.6006,0.8756,668
clip_b16_wise_ft_id_val,ood_val,12,1705,0.0921,0.8821,201
clip_b16_wise_ft_id_val,ood_val,13,10404,0.8435,0.9232,799
clip_b16_wise_ft_id_val,ood_val,14,888,0.0360,0.9561,39
clip_b16_wise_ft_id_val,ood_val,15,2966,0.0057,0.9582,124
clip_b16_wise_ft_id_val,ood_val,16,4971,0.8236,0.8505,743
clip_b16_wise_ft_id_val,ood_val,17,2659,0.2366,0.8567,381
clip_b16_wise_ft_id_val,ood_val,18,1275,0.1396,0.9114,113
clip_b16_wise_ft_id_val,ood_val,19,2587,0.0653,0.8160,476
clip_b16_wise_ft_id_val,test,20,3810,0.0071,0.9462,205
clip_b16_wise_ft_id_val,test,21,3694,0.0027,0.9656,127
clip_b16_wise_ft_id_val,test,22,7210,0.5865,0.7825,1568
clip_b16_wise_ft_id_val,test,23,5288,0.5221,0.8803,633
clip_b16_wise_ft_id_val,test,24,7727,0.0238,0.9473,407
clip_b16_wise_ft_id_val,test,25,4334,0.2374,0.9296,305
clip_b16_wise_ft_id_val,test,26,3815,0.1298,0.8490,576
clip_b16_wise_ft_id_val,test,27,4556,0.0241,0.9583,190
clip_b16_wise_ft_id_val,test,28,31878,0.8469,0.9106,2849
clip_b16_wise_ft_id_val,test,29,12742,0.5246,0.8211,2279
clip_b16_wise_ft_ood_val,ood_val,10,2078,0.0837,0.7820,453
clip_b16_wise_ft_ood_val,ood_val,11,5371,0.6006,0.8749,672
clip_b16_wise_ft_ood_val,ood_val,12,1705,0.0921,0.8850,196
clip_b16_wise_ft_ood_val,ood_val,13,10404,0.8435,0.9221,810
clip_b16_wise_ft_ood_val,ood_val,14,888,0.0360,0.9538,41
clip_b16_wise_ft_ood_val,ood_val,15,2966,0.0057,0.9602,118
clip_b16_wise_ft_ood_val,ood_val,16,4971,0.8236,0.8501,745
clip_b16_wise_ft_ood_val,ood_val,17,2659,0.2366,0.8597,373
clip_b16_wise_ft_ood_val,ood_val,18,1275,0.1396,0.9129,111
clip_b16_wise_ft_ood_val,ood_val,19,2587,0.0653,0.8175,472
clip_b16_wise_ft_ood_val,test,20,3810,0.0071,0.9488,195
clip_b16_wise_ft_ood_val,test,21,3694,0.0027,0.9683,117
clip_b16_wise_ft_ood_val,test,22,7210,0.5865,0.7868,1537
clip_b16_wise_ft_ood_val,test,23,5288,0.5221,0.8850,608
clip_b16_wise_ft_ood_val,test,24,7727,0.0238,0.9478,403
clip_b16_wise_ft_ood_val,test,25,4334,0.2374,0.9333,289
clip_b16_wise_ft_ood_val,test,26,3815,0.1298,0.8532,560
clip_b16_wise_ft_ood_val,test,27,4556,0.0241,0.9614,176
clip_b16_wise_ft_ood_val,test,28,31878,0.8469,0.9153,2701
clip_b16_wise_ft_ood_val,test,29,12742,0.5246,0.8317,2145
clip_b16_zero_shot_none,ood_val,10,2078,0.0837,0.9066,194
clip_b16_zero_shot_none,ood_val,11,5371,0.6006,0.3968,3240
clip_b16_zero_shot_none,ood_val,12,1705,0.0921,0.8927,183
clip_b16_zero_shot_none,ood_val,13,10404,0.8435,0.1566,8775
clip_b16_zero_shot_none,ood_val,14,888,0.0360,0.9505,44
clip_b16_zero_shot_none,ood_val,15,2966,0.0057,0.9767,69
clip_b16_zero_shot_none,ood_val,16,4971,0.8236,0.1984,3985
clip_b16_zero_shot_none,ood_val,17,2659,0.2366,0.7537,655
clip_b16_zero_shot_none,ood_val,18,1275,0.1396,0.8557,184
clip_b16_zero_shot_none,ood_val,19,2587,0.0653,0.9173,214
clip_b16_zero_shot_none,test,20,3810,0.0071,0.9843,60
clip_b16_zero_shot_none,test,21,3694,0.0027,0.9210,292
clip_b16_zero_shot_none,test,22,7210,0.5865,0.4395,4041
clip_b16_zero_shot_none,test,23,5288,0.5221,0.4731,2786
clip_b16_zero_shot_none,test,24,7727,0.0238,0.8485,1171
clip_b16_zero_shot_none,test,25,4334,0.2374,0.8385,700
clip_b16_zero_shot_none,test,26,3815,0.1298,0.7452,972
clip_b16_zero_shot_none,test,27,4556,0.0241,0.8338,757
clip_b16_zero_shot_none,test,28,31878,0.8469,0.4395,17869
clip_b16_zero_shot_none,test,29,12742,0.5246,0.5837,5305
dinov2_b14_finetune_last2_none,ood_val,10,2078,0.0837,0.9182,170
dinov2_b14_finetune_last2_none,ood_val,11,5371,0.6006,0.9596,217
dinov2_b14_finetune_last2_none,ood_val,12,1705,0.0921,0.9707,50
dinov2_b14_finetune_last2_none,ood_val,13,10404,0.8435,0.9517,503
dinov2_b14_finetune_last2_none,ood_val,14,888,0.0360,0.9775,20
dinov2_b14_finetune_last2_none,ood_val,15,2966,0.0057,0.9747,75
dinov2_b14_finetune_last2_none,ood_val,16,4971,0.8236,0.9572,213
dinov2_b14_finetune_last2_none,ood_val,17,2659,0.2366,0.9620,101
dinov2_b14_finetune_last2_none,ood_val,18,1275,0.1396,0.9584,53
dinov2_b14_finetune_last2_none,ood_val,19,2587,0.0653,0.9594,105
dinov2_b14_finetune_last2_none,test,20,3810,0.0071,0.9955,17
dinov2_b14_finetune_last2_none,test,21,3694,0.0027,0.9970,11
dinov2_b14_finetune_last2_none,test,22,7210,0.5865,0.8100,1370
dinov2_b14_finetune_last2_none,test,23,5288,0.5221,0.9783,115
dinov2_b14_finetune_last2_none,test,24,7727,0.0238,0.9730,209
dinov2_b14_finetune_last2_none,test,25,4334,0.2374,0.9735,115
dinov2_b14_finetune_last2_none,test,26,3815,0.1298,0.9096,345
dinov2_b14_finetune_last2_none,test,27,4556,0.0241,0.9934,30
dinov2_b14_finetune_last2_none,test,28,31878,0.8469,0.9725,876
dinov2_b14_finetune_last2_none,test,29,12742,0.5246,0.9572,545
dinov2_b14_linear_probe_id_val,ood_val,10,2078,0.0837,0.8773,255
dinov2_b14_linear_probe_id_val,ood_val,11,5371,0.6006,0.9341,354
dinov2_b14_linear_probe_id_val,ood_val,12,1705,0.0921,0.9466,91
dinov2_b14_linear_probe_id_val,ood_val,13,10404,0.8435,0.9428,595
dinov2_b14_linear_probe_id_val,ood_val,14,888,0.0360,0.9707,26
dinov2_b14_linear_probe_id_val,ood_val,15,2966,0.0057,0.9777,66
dinov2_b14_linear_probe_id_val,ood_val,16,4971,0.8236,0.8256,867
dinov2_b14_linear_probe_id_val,ood_val,17,2659,0.2366,0.9225,206
dinov2_b14_linear_probe_id_val,ood_val,18,1275,0.1396,0.9286,91
dinov2_b14_linear_probe_id_val,ood_val,19,2587,0.0653,0.9219,202
dinov2_b14_linear_probe_id_val,test,20,3810,0.0071,0.9808,73
dinov2_b14_linear_probe_id_val,test,21,3694,0.0027,0.9846,57
dinov2_b14_linear_probe_id_val,test,22,7210,0.5865,0.8763,892
dinov2_b14_linear_probe_id_val,test,23,5288,0.5221,0.9446,293
dinov2_b14_linear_probe_id_val,test,24,7727,0.0238,0.9510,379
dinov2_b14_linear_probe_id_val,test,25,4334,0.2374,0.9437,244
dinov2_b14_linear_probe_id_val,test,26,3815,0.1298,0.8642,518
dinov2_b14_linear_probe_id_val,test,27,4556,0.0241,0.9886,52
dinov2_b14_linear_probe_id_val,test,28,31878,0.8469,0.9144,2730
dinov2_b14_linear_probe_id_val,test,29,12742,0.5246,0.8594,1792
dinov2_b14_linear_probe_ood_val,ood_val,10,2078,0.0837,0.8763,257
dinov2_b14_linear_probe_ood_val,ood_val,11,5371,0.6006,0.9335,357
dinov2_b14_linear_probe_ood_val,ood_val,12,1705,0.0921,0.9437,96
dinov2_b14_linear_probe_ood_val,ood_val,13,10404,0.8435,0.9442,581
dinov2_b14_linear_probe_ood_val,ood_val,14,888,0.0360,0.9718,25
dinov2_b14_linear_probe_ood_val,ood_val,15,2966,0.0057,0.9781,65
dinov2_b14_linear_probe_ood_val,ood_val,16,4971,0.8236,0.8252,869
dinov2_b14_linear_probe_ood_val,ood_val,17,2659,0.2366,0.9225,206
dinov2_b14_linear_probe_ood_val,ood_val,18,1275,0.1396,0.9286,91
dinov2_b14_linear_probe_ood_val,ood_val,19,2587,0.0653,0.9219,202
dinov2_b14_linear_probe_ood_val,test,20,3810,0.0071,0.9811,72
dinov2_b14_linear_probe_ood_val,test,21,3694,0.0027,0.9870,48
dinov2_b14_linear_probe_ood_val,test,22,7210,0.5865,0.8728,917
dinov2_b14_linear_probe_ood_val,test,23,5288,0.5221,0.9435,299
dinov2_b14_linear_probe_ood_val,test,24,7727,0.0238,0.9525,367
dinov2_b14_linear_probe_ood_val,test,25,4334,0.2374,0.9449,239
dinov2_b14_linear_probe_ood_val,test,26,3815,0.1298,0.8642,518
dinov2_b14_linear_probe_ood_val,test,27,4556,0.0241,0.9881,54
dinov2_b14_linear_probe_ood_val,test,28,31878,0.8469,0.9137,2751
dinov2_b14_linear_probe_ood_val,test,29,12742,0.5246,0.8597,1788
resnet50_finetune_last2_none,ood_val,10,2078,0.0837,0.8282,357
resnet50_finetune_last2_none,ood_val,11,5371,0.6006,0.8924,578
resnet50_finetune_last2_none,ood_val,12,1705,0.0921,0.8416,270
resnet50_finetune_last2_none,ood_val,13,10404,0.8435,0.9384,641
resnet50_finetune_last2_none,ood_val,14,888,0.0360,0.9324,60
resnet50_finetune_last2_none,ood_val,15,2966,0.0057,0.9366,188
resnet50_finetune_last2_none,ood_val,16,4971,0.8236,0.9139,428
resnet50_finetune_last2_none,ood_val,17,2659,0.2366,0.8571,380
resnet50_finetune_last2_none,ood_val,18,1275,0.1396,0.8965,132
resnet50_finetune_last2_none,ood_val,19,2587,0.0653,0.8179,471
resnet50_finetune_last2_none,test,20,3810,0.0071,0.9738,100
resnet50_finetune_last2_none,test,21,3694,0.0027,0.9117,326
resnet50_finetune_last2_none,test,22,7210,0.5865,0.7950,1478
resnet50_finetune_last2_none,test,23,5288,0.5221,0.9531,248
resnet50_finetune_last2_none,test,24,7727,0.0238,0.9182,632
resnet50_finetune_last2_none,test,25,4334,0.2374,0.9451,238
resnet50_finetune_last2_none,test,26,3815,0.1298,0.8603,533
resnet50_finetune_last2_none,test,27,4556,0.0241,0.9100,410
resnet50_finetune_last2_none,test,28,31878,0.8469,0.9331,2134
resnet50_finetune_last2_none,test,29,12742,0.5246,0.9192,1029
resnet50_linear_probe_id_val,ood_val,10,2078,0.0837,0.8277,358
resnet50_linear_probe_id_val,ood_val,11,5371,0.6006,0.8600,752
resnet50_linear_probe_id_val,ood_val,12,1705,0.0921,0.9273,124
resnet50_linear_probe_id_val,ood_val,13,10404,0.8435,0.9517,503
resnet50_linear_probe_id_val,ood_val,14,888,0.0360,0.9595,36
resnet50_linear_probe_id_val,ood_val,15,2966,0.0057,0.9774,67
resnet50_linear_probe_id_val,ood_val,16,4971,0.8236,0.8451,770
resnet50_linear_probe_id_val,ood_val,17,2659,0.2366,0.8797,320
resnet50_linear_probe_id_val,ood_val,18,1275,0.1396,0.9396,77
resnet50_linear_probe_id_val,ood_val,19,2587,0.0653,0.8581,367
resnet50_linear_probe_id_val,test,20,3810,0.0071,0.9315,261
resnet50_linear_probe_id_val,test,21,3694,0.0027,0.8008,736
resnet50_linear_probe_id_val,test,22,7210,0.5865,0.8921,778
resnet50_linear_probe_id_val,test,23,5288,0.5221,0.9170,439
resnet50_linear_probe_id_val,test,24,7727,0.0238,0.7588,1864
resnet50_linear_probe_id_val,test,25,4334,0.2374,0.8549,629
resnet50_linear_probe_id_val,test,26,3815,0.1298,0.8493,575
resnet50_linear_probe_id_val,test,27,4556,0.0241,0.9175,376
resnet50_linear_probe_id_val,test,28,31878,0.8469,0.9472,1682
resnet50_linear_probe_id_val,test,29,12742,0.5246,0.8736,1611
resnet50_linear_probe_ood_val,ood_val,10,2078,0.0837,0.7969,422
resnet50_linear_probe_ood_val,ood_val,11,5371,0.6006,0.8773,659
resnet50_linear_probe_ood_val,ood_val,12,1705,0.0921,0.9267,125
resnet50_linear_probe_ood_val,ood_val,13,10404,0.8435,0.9522,497
resnet50_linear_probe_ood_val,ood_val,14,888,0.0360,0.9538,41
resnet50_linear_probe_ood_val,ood_val,15,2966,0.0057,0.9754,73
resnet50_linear_probe_ood_val,ood_val,16,4971,0.8236,0.8598,697
resnet50_linear_probe_ood_val,ood_val,17,2659,0.2366,0.8718,341
resnet50_linear_probe_ood_val,ood_val,18,1275,0.1396,0.9333,85
resnet50_linear_probe_ood_val,ood_val,19,2587,0.0653,0.8500,388
resnet50_linear_probe_ood_val,test,20,3810,0.0071,0.9252,285
resnet50_linear_probe_ood_val,test,21,3694,0.0027,0.7634,874
resnet50_linear_probe_ood_val,test,22,7210,0.5865,0.8806,861
resnet50_linear_probe_ood_val,test,23,5288,0.5221,0.9113,469
resnet50_linear_probe_ood_val,test,24,7727,0.0238,0.7629,1832
resnet50_linear_probe_ood_val,test,25,4334,0.2374,0.8449,672
resnet50_linear_probe_ood_val,test,26,3815,0.1298,0.8364,624
resnet50_linear_probe_ood_val,test,27,4556,0.0241,0.9078,420
resnet50_linear_probe_ood_val,test,28,31878,0.8469,0.9450,1754
resnet50_linear_probe_ood_val,test,29,12742,0.5246,0.8604,1779
siglip_b16_finetune_last2_none,ood_val,10,2078,0.0837,0.8109,393
siglip_b16_finetune_last2_none,ood_val,11,5371,0.6006,0.9583,224
siglip_b16_finetune_last2_none,ood_val,12,1705,0.0921,0.9290,121
siglip_b16_finetune_last2_none,ood_val,13,10404,0.8435,0.9618,397
siglip_b16_finetune_last2_none,ood_val,14,888,0.0360,0.9707,26
siglip_b16_finetune_last2_none,ood_val,15,2966,0.0057,0.9575,126
siglip_b16_finetune_last2_none,ood_val,16,4971,0.8236,0.9537,230
siglip_b16_finetune_last2_none,ood_val,17,2659,0.2366,0.8985,270
siglip_b16_finetune_last2_none,ood_val,18,1275,0.1396,0.9184,104
siglip_b16_finetune_last2_none,ood_val,19,2587,0.0653,0.8697,337
siglip_b16_finetune_last2_none,test,20,3810,0.0071,0.9672,125
siglip_b16_finetune_last2_none,test,21,3694,0.0027,0.9277,267
siglip_b16_finetune_last2_none,test,22,7210,0.5865,0.9336,479
siglip_b16_finetune_last2_none,test,23,5288,0.5221,0.9495,267
siglip_b16_finetune_last2_none,test,24,7727,0.0238,0.9225,599
siglip_b16_finetune_last2_none,test,25,4334,0.2374,0.9617,166
siglip_b16_finetune_last2_none,test,26,3815,0.1298,0.9009,378
siglip_b16_finetune_last2_none,test,27,4556,0.0241,0.9660,155
siglip_b16_finetune_last2_none,test,28,31878,0.8469,0.9743,819
siglip_b16_finetune_last2_none,test,29,12742,0.5246,0.9292,902
siglip_b16_linear_probe_id_val,ood_val,10,2078,0.0837,0.8133,388
siglip_b16_linear_probe_id_val,ood_val,11,5371,0.6006,0.9140,462
siglip_b16_linear_probe_id_val,ood_val,12,1705,0.0921,0.9208,135
siglip_b16_linear_probe_id_val,ood_val,13,10404,0.8435,0.9562,456
siglip_b16_linear_probe_id_val,ood_val,14,888,0.0360,0.9651,31
siglip_b16_linear_probe_id_val,ood_val,15,2966,0.0057,0.9686,93
siglip_b16_linear_probe_id_val,ood_val,16,4971,0.8236,0.9034,480
siglip_b16_linear_probe_id_val,ood_val,17,2659,0.2366,0.8718,341
siglip_b16_linear_probe_id_val,ood_val,18,1275,0.1396,0.9302,89
siglip_b16_linear_probe_id_val,ood_val,19,2587,0.0653,0.8473,395
siglip_b16_linear_probe_id_val,test,20,3810,0.0071,0.7906,798
siglip_b16_linear_probe_id_val,test,21,3694,0.0027,0.7742,834
siglip_b16_linear_probe_id_val,test,22,7210,0.5865,0.9229,556
siglip_b16_linear_probe_id_val,test,23,5288,0.5221,0.8811,629
siglip_b16_linear_probe_id_val,test,24,7727,0.0238,0.7711,1769
siglip_b16_linear_probe_id_val,test,25,4334,0.2374,0.8546,630
siglip_b16_linear_probe_id_val,test,26,3815,0.1298,0.7817,833
siglip_b16_linear_probe_id_val,test,27,4556,0.0241,0.7845,982
siglip_b16_linear_probe_id_val,test,28,31878,0.8469,0.9529,1500
siglip_b16_linear_probe_id_val,test,29,12742,0.5246,0.8550,1847
siglip_b16_linear_probe_ood_val,ood_val,10,2078,0.0837,0.8171,380
siglip_b16_linear_probe_ood_val,ood_val,11,5371,0.6006,0.9181,440
siglip_b16_linear_probe_ood_val,ood_val,12,1705,0.0921,0.9232,131
siglip_b16_linear_probe_ood_val,ood_val,13,10404,0.8435,0.9573,444
siglip_b16_linear_probe_ood_val,ood_val,14,888,0.0360,0.9640,32
siglip_b16_linear_probe_ood_val,ood_val,15,2966,0.0057,0.9659,101
siglip_b16_linear_probe_ood_val,ood_val,16,4971,0.8236,0.9087,454
siglip_b16_linear_probe_ood_val,ood_val,17,2659,0.2366,0.8635,363
siglip_b16_linear_probe_ood_val,ood_val,18,1275,0.1396,0.9247,96
siglip_b16_linear_probe_ood_val,ood_val,19,2587,0.0653,0.8411,411
siglip_b16_linear_probe_ood_val,test,20,3810,0.0071,0.7677,885
siglip_b16_linear_probe_ood_val,test,21,3694,0.0027,0.7626,877
siglip_b16_linear_probe_ood_val,test,22,7210,0.5865,0.9215,566
siglip_b16_linear_probe_ood_val,test,23,5288,0.5221,0.8846,610
siglip_b16_linear_probe_ood_val,test,24,7727,0.0238,0.7593,1860
siglip_b16_linear_probe_ood_val,test,25,4334,0.2374,0.8498,651
siglip_b16_linear_probe_ood_val,test,26,3815,0.1298,0.7811,835
siglip_b16_linear_probe_ood_val,test,27,4556,0.0241,0.7695,1050
siglip_b16_linear_probe_ood_val,test,28,31878,0.8469,0.9529,1502
siglip_b16_linear_probe_ood_val,test,29,12742,0.5246,0.8521,1885
siglip_b16_wise_ft_id_val,ood_val,10,2078,0.0837,0.8133,388
siglip_b16_wise_ft_id_val,ood_val,11,5371,0.6006,0.9140,462
siglip_b16_wise_ft_id_val,ood_val,12,1705,0.0921,0.9208,135
siglip_b16_wise_ft_id_val,ood_val,13,10404,0.8435,0.9562,456
siglip_b16_wise_ft_id_val,ood_val,14,888,0.0360,0.9651,31
siglip_b16_wise_ft_id_val,ood_val,15,2966,0.0057,0.9686,93
siglip_b16_wise_ft_id_val,ood_val,16,4971,0.8236,0.9034,480
siglip_b16_wise_ft_id_val,ood_val,17,2659,0.2366,0.8718,341
siglip_b16_wise_ft_id_val,ood_val,18,1275,0.1396,0.9302,89
siglip_b16_wise_ft_id_val,ood_val,19,2587,0.0653,0.8473,395
siglip_b16_wise_ft_id_val,test,20,3810,0.0071,0.7906,798
siglip_b16_wise_ft_id_val,test,21,3694,0.0027,0.7742,834
siglip_b16_wise_ft_id_val,test,22,7210,0.5865,0.9229,556
siglip_b16_wise_ft_id_val,test,23,5288,0.5221,0.8811,629
siglip_b16_wise_ft_id_val,test,24,7727,0.0238,0.7711,1769
siglip_b16_wise_ft_id_val,test,25,4334,0.2374,0.8546,630
siglip_b16_wise_ft_id_val,test,26,3815,0.1298,0.7817,833
siglip_b16_wise_ft_id_val,test,27,4556,0.0241,0.7845,982
siglip_b16_wise_ft_id_val,test,28,31878,0.8469,0.9529,1500
siglip_b16_wise_ft_id_val,test,29,12742,0.5246,0.8550,1847
siglip_b16_wise_ft_ood_val,ood_val,10,2078,0.0837,0.8311,351
siglip_b16_wise_ft_ood_val,ood_val,11,5371,0.6006,0.9134,465
siglip_b16_wise_ft_ood_val,ood_val,12,1705,0.0921,0.9308,118
siglip_b16_wise_ft_ood_val,ood_val,13,10404,0.8435,0.9580,437
siglip_b16_wise_ft_ood_val,ood_val,14,888,0.0360,0.9640,32
siglip_b16_wise_ft_ood_val,ood_val,15,2966,0.0057,0.9700,89
siglip_b16_wise_ft_ood_val,ood_val,16,4971,0.8236,0.9020,487
siglip_b16_wise_ft_ood_val,ood_val,17,2659,0.2366,0.8733,337
siglip_b16_wise_ft_ood_val,ood_val,18,1275,0.1396,0.9271,93
siglip_b16_wise_ft_ood_val,ood_val,19,2587,0.0653,0.8527,381
siglip_b16_wise_ft_ood_val,test,20,3810,0.0071,0.7945,783
siglip_b16_wise_ft_ood_val,test,21,3694,0.0027,0.7902,775
siglip_b16_wise_ft_ood_val,test,22,7210,0.5865,0.9252,539
siglip_b16_wise_ft_ood_val,test,23,5288,0.5221,0.8932,565
siglip_b16_wise_ft_ood_val,test,24,7727,0.0238,0.7771,1722
siglip_b16_wise_ft_ood_val,test,25,4334,0.2374,0.8676,574
siglip_b16_wise_ft_ood_val,test,26,3815,0.1298,0.7932,789
siglip_b16_wise_ft_ood_val,test,27,4556,0.0241,0.7948,935
siglip_b16_wise_ft_ood_val,test,28,31878,0.8469,0.9555,1420
siglip_b16_wise_ft_ood_val,test,29,12742,0.5246,0.8627,1750
siglip_b16_zero_shot_none,ood_val,10,2078,0.0837,0.9163,174
siglip_b16_zero_shot_none,ood_val,11,5371,0.6006,0.3994,3226
siglip_b16_zero_shot_none,ood_val,12,1705,0.0921,0.9079,157
siglip_b16_zero_shot_none,ood_val,13,10404,0.8435,0.1566,8775
siglip_b16_zero_shot_none,ood_val,14,888,0.0360,0.9640,32
siglip_b16_zero_shot_none,ood_val,15,2966,0.0057,0.9943,17
siglip_b16_zero_shot_none,ood_val,16,4971,0.8236,0.1764,4094
siglip_b16_zero_shot_none,ood_val,17,2659,0.2366,0.7634,629
siglip_b16_zero_shot_none,ood_val,18,1275,0.1396,0.8604,178
siglip_b16_zero_shot_none,ood_val,19,2587,0.0653,0.9347,169
siglip_b16_zero_shot_none,test,20,3810,0.0071,0.9929,27
siglip_b16_zero_shot_none,test,21,3694,0.0027,0.9973,10
siglip_b16_zero_shot_none,test,22,7210,0.5865,0.4135,4229
siglip_b16_zero_shot_none,test,23,5288,0.5221,0.4779,2761
siglip_b16_zero_shot_none,test,24,7727,0.0238,0.9762,184
siglip_b16_zero_shot_none,test,25,4334,0.2374,0.7628,1028
siglip_b16_zero_shot_none,test,26,3815,0.1298,0.8702,495
siglip_b16_zero_shot_none,test,27,4556,0.0241,0.9759,110
siglip_b16_zero_shot_none,test,28,31878,0.8469,0.1531,26997
siglip_b16_zero_shot_none,test,29,12742,0.5246,0.4754,6684
