reference,backbone,method,selection,test,difference,low,high,significant
resnet50_linear_probe_ood_val,resnet50,linear_probe,id_val,0.8948,0.0073,0.0033,0.0144,True
resnet50_linear_probe_ood_val,clip_b16,linear_probe,ood_val,0.8971,0.0096,-0.0259,0.0872,False
resnet50_linear_probe_ood_val,clip_b16,linear_probe,id_val,0.8922,0.0047,-0.0321,0.0839,False
resnet50_linear_probe_ood_val,clip_b16,zero_shot,none,0.6008,-0.2867,-0.4177,-0.0406,True
resnet50_linear_probe_ood_val,clip_b16,wise_ft,ood_val,0.8973,0.0099,-0.0268,0.0892,False
resnet50_linear_probe_ood_val,clip_b16,wise_ft,id_val,0.8926,0.0051,-0.0324,0.0866,False
resnet50_linear_probe_ood_val,siglip_b16,linear_probe,ood_val,0.8740,-0.0135,-0.0595,0.0049,False
resnet50_linear_probe_ood_val,siglip_b16,linear_probe,id_val,0.8780,-0.0095,-0.0496,0.0083,False
resnet50_linear_probe_ood_val,siglip_b16,zero_shot,none,0.5000,-0.3875,-0.6128,0.0072,False
resnet50_linear_probe_ood_val,siglip_b16,wise_ft,ood_val,0.8842,-0.0033,-0.0409,0.0137,False
resnet50_linear_probe_ood_val,siglip_b16,wise_ft,id_val,0.8780,-0.0095,-0.0496,0.0083,False
resnet50_linear_probe_ood_val,dinov2_b14,linear_probe,ood_val,0.9171,0.0296,-0.0093,0.1139,False
resnet50_linear_probe_ood_val,dinov2_b14,linear_probe,id_val,0.9173,0.0299,-0.0087,0.1139,False
resnet50_linear_probe_ood_val,resnet50,finetune_last2,none,0.9162,0.0287,-0.0070,0.0878,False
resnet50_linear_probe_ood_val,clip_b16,finetune_last2,none,0.9497,0.0622,0.0370,0.1107,True
resnet50_linear_probe_ood_val,siglip_b16,finetune_last2,none,0.9511,0.0636,0.0410,0.1101,True
resnet50_linear_probe_ood_val,dinov2_b14,finetune_last2,none,0.9573,0.0698,0.0294,0.1371,True
resnet50_finetune_last2_none,resnet50,linear_probe,ood_val,0.8875,-0.0287,-0.0878,0.0070,False
resnet50_finetune_last2_none,resnet50,linear_probe,id_val,0.8948,-0.0214,-0.0790,0.0134,False
resnet50_finetune_last2_none,clip_b16,linear_probe,ood_val,0.8971,-0.0191,-0.0499,0.0100,False
resnet50_finetune_last2_none,clip_b16,linear_probe,id_val,0.8922,-0.0240,-0.0573,0.0077,False
resnet50_finetune_last2_none,clip_b16,zero_shot,none,0.6008,-0.3154,-0.4182,-0.1098,True
resnet50_finetune_last2_none,clip_b16,wise_ft,ood_val,0.8973,-0.0188,-0.0482,0.0122,False
resnet50_finetune_last2_none,clip_b16,wise_ft,id_val,0.8926,-0.0236,-0.0552,0.0091,False
resnet50_finetune_last2_none,siglip_b16,linear_probe,ood_val,0.8740,-0.0422,-0.1249,0.0062,False
resnet50_finetune_last2_none,siglip_b16,linear_probe,id_val,0.8780,-0.0382,-0.1163,0.0082,False
resnet50_finetune_last2_none,siglip_b16,zero_shot,none,0.5000,-0.4162,-0.6179,-0.0604,True
resnet50_finetune_last2_none,siglip_b16,wise_ft,ood_val,0.8842,-0.0320,-0.1079,0.0132,False
resnet50_finetune_last2_none,siglip_b16,wise_ft,id_val,0.8780,-0.0382,-0.1163,0.0082,False
resnet50_finetune_last2_none,dinov2_b14,linear_probe,ood_val,0.9171,0.0009,-0.0233,0.0452,False
resnet50_finetune_last2_none,dinov2_b14,linear_probe,id_val,0.9173,0.0012,-0.0232,0.0459,False
resnet50_finetune_last2_none,clip_b16,finetune_last2,none,0.9497,0.0335,0.0155,0.0502,True
resnet50_finetune_last2_none,siglip_b16,finetune_last2,none,0.9511,0.0349,0.0127,0.0609,True
resnet50_finetune_last2_none,dinov2_b14,finetune_last2,none,0.9573,0.0411,0.0319,0.0527,True
